date,resource,quantity,temperature,solar_radiation,event_id
2045-01-01,power,28782.698171404365,50.0,0.0,E001
2045-01-01,water,13769.444294249075,50.0,0.0,E001
2045-01-01,rare_minerals,9701.438285356851,50.0,0.0,E001
2045-01-02,power,7808.267244984852,-75.35495872800023,8.037724259507192,
2045-01-02,water,5242.8281405287535,-75.35495872800023,8.037724259507192,
2045-01-02,rare_minerals,3006.52893622195,-75.35495872800023,8.037724259507192,
2045-01-03,power,1232.2126951468172,-62.94758763127085,5.325257964926397,
2045-01-03,water,949.7872866372842,-62.94758763127085,5.325257964926397,
2045-01-03,rare_minerals,453.5564885492846,-62.94758763127085,5.325257964926397,
2045-01-04,power,9261.317166683932,14.888553725333324,9.828160165372797,
2045-01-04,water,5719.416332893641,14.888553725333324,9.828160165372797,
2045-01-04,rare_minerals,3298.1711901935814,14.888553725333324,9.828160165372797,
2045-01-05,power,111.6898040708364,0.8397348116461103,6.523068845866853,
2045-01-05,water,96.99160618067376,0.8397348116461103,6.523068845866853,
2045-01-05,rare_minerals,55.10832212285671,0.8397348116461103,6.523068845866853,
2045-01-06,power,8009.433687942516,-70.23278859936161,8.421165132560784,
2045-01-06,water,3417.816217990162,-70.23278859936161,8.421165132560784,
2045-01-06,rare_minerals,3705.6604542487103,-70.23278859936161,8.421165132560784,
2045-01-07,power,162.00727559285136,-35.98475062603987,5.610191174223894,
2045-01-07,water,76.67305459881608,-35.98475062603987,5.610191174223894,
2045-01-07,rare_minerals,65.7557033220383,-35.98475062603987,5.610191174223894,
2045-01-08,power,178.8597211224531,-30.48230898887298,5.171942605576092,
2045-01-08,water,57.58374398663756,-30.48230898887298,5.171942605576092,
2045-01-08,rare_minerals,42.468882711821934,-30.48230898887298,5.171942605576092,
2045-01-09,power,1248.4891398144657,10.932040207878202,6.293899908000085,
2045-01-09,water,871.9731462863385,10.932040207878202,6.293899908000085,
2045-01-09,rare_minerals,313.4129738943118,10.932040207878202,6.293899908000085,
2045-01-10,power,156.98896848713164,-13.747771564601805,6.558555380447055,
2045-01-10,water,88.12293428703452,-13.747771564601805,6.558555380447055,
2045-01-10,rare_minerals,65.07062547046998,-13.747771564601805,6.558555380447055,
2045-01-11,power,134.20817487159076,-27.993197882218922,7.733551396716399,
2045-01-11,water,91.06286523360063,-27.993197882218922,7.733551396716399,
2045-01-11,rare_minerals,34.42526947820829,-27.993197882218922,7.733551396716399,
2045-01-12,power,11078.713750407107,-61.514554447447296,9.847923138822793,
2045-01-12,water,3382.465986995947,-61.514554447447296,9.847923138822793,
2045-01-12,rare_minerals,2753.4894973448813,-61.514554447447296,9.847923138822793,
2045-01-13,power,1078.3772194677322,-2.486717663888541,9.697494707820946,
2045-01-13,water,344.9752282046321,-2.486717663888541,9.697494707820946,
2045-01-13,rare_minerals,235.02033485583394,-2.486717663888541,9.697494707820946,
2045-01-14,power,172.2252568393066,9.482735042764887,7.989499894055426,
2045-01-14,water,86.00182682730372,9.482735042764887,7.989499894055426,
2045-01-14,rare_minerals,55.645905315411895,9.482735042764887,7.989499894055426,
2045-01-15,power,1693.9484444671002,12.187423502311688,5.442462510259597,
2045-01-15,water,771.3622216737981,12.187423502311688,5.442462510259597,
2045-01-15,rare_minerals,400.71962356278107,12.187423502311688,5.442462510259597,
2045-01-16,power,1345.6959935039195,-60.40171375808548,5.22613644455269,
2045-01-16,water,590.7988584007128,-60.40171375808548,5.22613644455269,
2045-01-16,rare_minerals,663.3802245334514,-60.40171375808548,5.22613644455269,
2045-01-17,power,158.33917947661206,-47.46696692367357,6.94338644844741,
2045-01-17,water,70.042570838182,-47.46696692367357,6.94338644844741,
2045-01-17,rare_minerals,48.48023214576531,-47.46696692367357,6.94338644844741,
2045-01-18,power,11683.700037670893,-52.86509682261041,9.143687545759647,
2045-01-18,water,3460.05420934824,-52.86509682261041,9.143687545759647,
2045-01-18,rare_minerals,3206.951596840314,-52.86509682261041,9.143687545759647,
2045-01-19,power,150.5888678884466,-44.32466733064107,6.404672548436904,
2045-01-19,water,80.57271177173239,-44.32466733064107,6.404672548436904,
2045-01-19,rare_minerals,30.72440735283362,-44.32466733064107,6.404672548436904,
2045-01-20,power,37442.47817888303,50.0,0.0,E002
2045-01-20,water,19321.182824836127,50.0,0.0,E002
2045-01-20,rare_minerals,10521.065468713674,50.0,0.0,E002
2045-01-21,power,10179.904943261352,-65.90757750252374,9.010984903770199,
2045-01-21,water,5767.498143531888,-65.90757750252374,9.010984903770199,
2045-01-21,rare_minerals,3497.3727223521564,-65.90757750252374,9.010984903770199,
2045-01-22,power,6915.234257485568,-72.54493563202291,9.934434683002586,
2045-01-22,water,4728.86508050044,-72.54493563202291,9.934434683002586,
2045-01-22,rare_minerals,3256.1161113188546,-72.54493563202291,9.934434683002586,
2045-01-23,power,142.4130671302386,-2.775523070334259,5.993578407670862,
2045-01-23,water,86.82221178123615,-2.775523070334259,5.993578407670862,
2045-01-23,rare_minerals,67.37468059076059,-2.775523070334259,5.993578407670862,
2045-01-24,power,11553.411077440658,-79.44778828763975,9.07730714227417,
2045-01-24,water,4352.5181142123965,-79.44778828763975,9.07730714227417,
2045-01-24,rare_minerals,2071.7713100178125,-79.44778828763975,9.07730714227417,
2045-01-25,power,1190.9047193774006,-9.314265615238284,8.645035840204937,
2045-01-25,water,551.6694259337803,-9.314265615238284,8.645035840204937,
2045-01-25,rare_minerals,209.91904348878404,-9.314265615238284,8.645035840204937,
2045-01-26,power,192.08418826173724,-2.8729653314054246,5.3702232586704515,
2045-01-26,water,93.49481810310641,-2.8729653314054246,5.3702232586704515,
2045-01-26,rare_minerals,50.753522285042884,-2.8729653314054246,5.3702232586704515,
2045-01-27,power,159.12754357449293,-44.15342714557274,5.579345297625649,
2045-01-27,water,69.95013519350651,-44.15342714557274,5.579345297625649,
2045-01-27,rare_minerals,32.19046555288125,-44.15342714557274,5.579345297625649,
2045-01-28,power,801.1183449875405,6.310342587559347,8.11649063413779,
2045-01-28,water,540.8560345794034,6.310342587559347,8.11649063413779,
2045-01-28,rare_minerals,181.11168552110468,6.310342587559347,8.11649063413779,
2045-01-29,power,133.3499171691144,-46.91019751473508,5.317791751430118,
2045-01-29,water,69.90843467954717,-46.91019751473508,5.317791751430118,
2045-01-29,rare_minerals,51.49582411751692,-46.91019751473508,5.317791751430118,
2045-01-30,power,191.98556164127604,-48.901767828433776,6.625916610133736,
2045-01-30,water,67.31729971829806,-48.901767828433776,6.625916610133736,
2045-01-30,rare_minerals,43.878128075849105,-48.901767828433776,6.625916610133736,
2045-01-31,power,1042.5007488658491,-7.03938216619359,8.187787356776067,
2045-01-31,water,435.6653822669422,-7.03938216619359,8.187787356776067,
2045-01-31,rare_minerals,233.9051575055957,-7.03938216619359,8.187787356776067,
2045-02-01,power,145.24395161326933,8.721274257632658,7.361074625809747,
2045-02-01,water,57.04285101898999,8.721274257632658,7.361074625809747,
2045-02-01,rare_minerals,37.05547946024893,8.721274257632658,7.361074625809747,
2045-02-02,power,8990.206636436878,-68.04057540616984,8.566223936114975,
2045-02-02,water,4256.776348513644,-68.04057540616984,8.566223936114975,
2045-02-02,rare_minerals,3995.63016256344,-68.04057540616984,8.566223936114975,
2045-02-03,power,136.2393899116633,-3.921495138310263,7.806385987847481,
2045-02-03,water,79.02941751390217,-3.921495138310263,7.806385987847481,
2045-02-03,rare_minerals,55.29057151678121,-3.921495138310263,7.806385987847481,
2045-02-04,power,101.30944565883337,-2.9032820045438967,7.468977981821954,
2045-02-04,water,83.17686860083553,-2.9032820045438967,7.468977981821954,
2045-02-04,rare_minerals,37.121438674790056,-2.9032820045438967,7.468977981821954,
2045-02-05,power,196.1070317469455,-27.726717061800592,7.137705091792748,
2045-02-05,water,57.43313638765565,-27.726717061800592,7.137705091792748,
2045-02-05,rare_minerals,46.58496494908095,-27.726717061800592,7.137705091792748,
2045-02-06,power,1085.3496680786438,-77.45808732559048,5.539457134966522,
2045-02-06,water,998.4371259229737,-77.45808732559048,5.539457134966522,
2045-02-06,rare_minerals,500.87800413249704,-77.45808732559048,5.539457134966522,
2045-02-07,power,9572.310103920261,-76.85708143132658,8.182052056318902,
2045-02-07,water,3201.2294321652826,-76.85708143132658,8.182052056318902,
2045-02-07,rare_minerals,3599.9051289580266,-76.85708143132658,8.182052056318902,
2045-02-08,power,24198.111861911715,50.0,0.0,E003
2045-02-08,water,18980.542894407135,50.0,0.0,E003
2045-02-08,rare_minerals,7641.117123856056,50.0,0.0,E003
2045-02-09,power,714.4126323981999,-29.142930883529722,9.537832369630465,
2045-02-09,water,310.96490035442844,-29.142930883529722,9.537832369630465,
2045-02-09,rare_minerals,293.2960668263998,-29.142930883529722,9.537832369630465,
2045-02-10,power,1564.8411332626165,-55.07077708511251,7.051914615178148,
2045-02-10,water,532.8543197141762,-55.07077708511251,7.051914615178148,
2045-02-10,rare_minerals,610.2110466780042,-55.07077708511251,7.051914615178148,
2045-02-11,power,145.32888347480275,-4.444886145695136,6.143990827458112,
2045-02-11,water,76.219513466379,-4.444886145695136,6.143990827458112,
2045-02-11,rare_minerals,47.63050987752912,-4.444886145695136,6.143990827458112,
2045-02-12,power,1400.7630608753261,-72.3020090171207,6.44875726456884,
2045-02-12,water,779.820165654109,-72.3020090171207,6.44875726456884,
2045-02-12,rare_minerals,362.096098372285,-72.3020090171207,6.44875726456884,
2045-02-13,power,7091.568782971626,-63.877871274599556,9.648488261712865,
2045-02-13,water,5585.356863040552,-63.877871274599556,9.648488261712865,
2045-02-13,rare_minerals,4070.677109120719,-63.877871274599556,9.648488261712865,
2045-02-14,power,823.9855897678518,0.8120379564416993,8.167018782552118,
2045-02-14,water,381.2234019430661,0.8120379564416993,8.167018782552118,
2045-02-14,rare_minerals,334.5598903773638,0.8120379564416993,8.167018782552118,
2045-02-15,power,845.2405026588577,7.146059018771766,9.018360384495573,
2045-02-15,water,307.61590669810346,7.146059018771766,9.018360384495573,
2045-02-15,rare_minerals,217.4766233678857,7.146059018771766,9.018360384495573,
2045-02-16,power,10295.833373084384,-61.342994111396415,9.46279499244989,
2045-02-16,water,4976.771825730454,-61.342994111396415,9.46279499244989,
2045-02-16,rare_minerals,1865.0303820083604,-61.342994111396415,9.46279499244989,
2045-02-17,power,733.1832971597697,-26.06577580843493,9.037200775820313,
2045-02-17,water,369.3224389764214,-26.06577580843493,9.037200775820313,
2045-02-17,rare_minerals,341.25425846369484,-26.06577580843493,9.037200775820313,
2045-02-18,power,101.97105377543642,9.609129992349324,6.590017374859319,
2045-02-18,water,55.205429099228695,9.609129992349324,6.590017374859319,
2045-02-18,rare_minerals,61.996643414927576,9.609129992349324,6.590017374859319,
2045-02-19,power,1178.5446620543337,-68.99480754723233,6.139675812709708,
2045-02-19,water,826.3730539259373,-68.99480754723233,6.139675812709708,
2045-02-19,rare_minerals,395.2731124186906,-68.99480754723233,6.139675812709708,
2045-02-20,power,659.6648356556071,-37.28922113737437,9.090073829612464,
2045-02-20,water,372.9516572998362,-37.28922113737437,9.090073829612464,
2045-02-20,rare_minerals,353.3440636453582,-37.28922113737437,9.090073829612464,
2045-02-21,power,185.56964681062857,6.073058325634349,5.034760652655954,
2045-02-21,water,91.51099322834958,6.073058325634349,5.034760652655954,
2045-02-21,rare_minerals,45.88734118473819,6.073058325634349,5.034760652655954,
2045-02-22,power,166.80851365706462,-28.92526974224343,7.0870550157438945,
2045-02-22,water,60.24921477079105,-28.92526974224343,7.0870550157438945,
2045-02-22,rare_minerals,41.725909210440534,-28.92526974224343,7.0870550157438945,
2045-02-23,power,1896.3358185211198,-57.78921895292697,5.599326836668414,
2045-02-23,water,506.50096175536805,-57.78921895292697,5.599326836668414,
2045-02-23,rare_minerals,334.2034123417872,-57.78921895292697,5.599326836668414,
2045-02-24,power,724.7317530876164,-46.2384828596372,9.714548519562596,
2045-02-24,water,307.95966116214595,-46.2384828596372,9.714548519562596,
2045-02-24,rare_minerals,223.54450442155138,-46.2384828596372,9.714548519562596,
2045-02-25,power,158.30415609696922,-47.679706797924474,7.59395310871683,
2045-02-25,water,71.0712275296249,-47.679706797924474,7.59395310871683,
2045-02-25,rare_minerals,65.706868443079,-47.679706797924474,7.59395310871683,
2045-02-26,power,181.7443561738441,-9.69810411048222,6.81814801189647,
2045-02-26,water,67.0908675848938,-9.69810411048222,6.81814801189647,
2045-02-26,rare_minerals,40.376937337251704,-9.69810411048222,6.81814801189647,
2045-02-27,power,165563.08898007203,-80.0,15.0,E004
2045-02-27,water,95417.69655088848,-80.0,15.0,E004
2045-02-27,rare_minerals,48867.05475949806,-80.0,15.0,E004
2045-02-28,power,1624.148907849134,16.24472949421113,6.258911479126821,
2045-02-28,water,704.7058260956203,16.24472949421113,6.258911479126821,
2045-02-28,rare_minerals,520.8188723407922,16.24472949421113,6.258911479126821,
2045-03-01,power,143.61265291353166,-30.275149410761458,6.504391549083849,
2045-03-01,water,64.72328797709588,-30.275149410761458,6.504391549083849,
2045-03-01,rare_minerals,67.93813227848626,-30.275149410761458,6.504391549083849,
2045-03-02,power,1763.6057941597608,-51.51595056225324,5.184434736772664,
2045-03-02,water,570.0565878832263,-51.51595056225324,5.184434736772664,
2045-03-02,rare_minerals,647.3871903591652,-51.51595056225324,5.184434736772664,
2045-03-03,power,148.74311982495135,-19.043566602010316,7.5133951161443076,
2045-03-03,water,94.72761134470457,-19.043566602010316,7.5133951161443076,
2045-03-03,rare_minerals,61.99421023789261,-19.043566602010316,7.5133951161443076,
2045-03-04,power,1425.2135044692336,-74.85212487500107,6.393232321183057,
2045-03-04,water,511.2346541600587,-74.85212487500107,6.393232321183057,
2045-03-04,rare_minerals,407.4709437539784,-74.85212487500107,6.393232321183057,
2045-03-05,power,1541.6342146608667,10.826588596665374,6.197809453334862,
2045-03-05,water,816.7391099130737,10.826588596665374,6.197809453334862,
2045-03-05,rare_minerals,403.1550741732809,10.826588596665374,6.197809453334862,
2045-03-06,power,1139.3560740728242,-65.5105127908777,7.447263801387815,
2045-03-06,water,917.4651183996496,-65.5105127908777,7.447263801387815,
2045-03-06,rare_minerals,693.7608722814208,-65.5105127908777,7.447263801387815,
2045-03-07,power,1525.6901823026856,18.56504541106007,6.210276357557502,
2045-03-07,water,585.8396429241518,18.56504541106007,6.210276357557502,
2045-03-07,rare_minerals,408.9229306077476,18.56504541106007,6.210276357557502,
2045-03-08,power,611.03440592848,-12.786445259412147,8.808098076643589,
2045-03-08,water,574.2896419681497,-12.786445259412147,8.808098076643589,
2045-03-08,rare_minerals,208.26025989363387,-12.786445259412147,8.808098076643589,
2045-03-09,power,9459.098853085521,-56.23624560076003,8.641081743059297,
2045-03-09,water,3822.1656620616177,-56.23624560076003,8.641081743059297,
2045-03-09,rare_minerals,3130.027206037904,-56.23624560076003,8.641081743059297,
2045-03-10,power,990.8522330111186,-43.22168672807468,8.161529152967898,
2045-03-10,water,548.9225411121604,-43.22168672807468,8.161529152967898,
2045-03-10,rare_minerals,229.5411052225448,-43.22168672807468,8.161529152967898,
2045-03-11,power,101.09958286584805,-16.647028923910533,7.678873420373792,
2045-03-11,water,56.844281503440364,-16.647028923910533,7.678873420373792,
2045-03-11,rare_minerals,66.0007456739242,-16.647028923910533,7.678873420373792,
2045-03-12,power,11243.340465375093,-70.97102299455918,9.17651247794619,
2045-03-12,water,4792.2393065109245,-70.97102299455918,9.17651247794619,
2045-03-12,rare_minerals,3241.2404650407684,-70.97102299455918,9.17651247794619,
2045-03-13,power,166.50366745462554,-47.92199350282642,5.932592551999271,
2045-03-13,water,58.76856393117248,-47.92199350282642,5.932592551999271,
2045-03-13,rare_minerals,66.5764778369984,-47.92199350282642,5.932592551999271,
2045-03-14,power,1418.770524892073,-75.9224858445236,7.954464715941209,
2045-03-14,water,691.5692641247488,-75.9224858445236,7.954464715941209,
2045-03-14,rare_minerals,507.56708211313503,-75.9224858445236,7.954464715941209,
2045-03-15,power,104.69659667750551,-12.243563815771765,5.082939144639281,
2045-03-15,water,58.31416843780397,-12.243563815771765,5.082939144639281,
2045-03-15,rare_minerals,59.52134465705482,-12.243563815771765,5.082939144639281,
2045-03-16,power,108.27986679251265,-28.7906941700719,6.1324788759896895,
2045-03-16,water,80.1576054733194,-28.7906941700719,6.1324788759896895,
2045-03-16,rare_minerals,39.81396438725284,-28.7906941700719,6.1324788759896895,
2045-03-17,power,138.92956140419767,-15.482720959055015,5.871832145024957,
2045-03-17,water,64.43468683853499,-15.482720959055015,5.871832145024957,
2045-03-17,rare_minerals,44.226908658597964,-15.482720959055015,5.871832145024957,
2045-03-18,power,206285.50862210948,-80.0,15.0,E005
2045-03-18,water,77827.3029373905,-80.0,15.0,E005
2045-03-18,rare_minerals,63187.42273425107,-80.0,15.0,E005
2045-03-19,power,885.6302413194599,-41.32646536994626,9.683649943683672,
2045-03-19,water,499.1013496087944,-41.32646536994626,9.683649943683672,
2045-03-19,rare_minerals,404.83913743794193,-41.32646536994626,9.683649943683672,
2045-03-20,power,1732.5720972102504,-66.24790558540067,6.705331755251293,
2045-03-20,water,607.4701892953784,-66.24790558540067,6.705331755251293,
2045-03-20,rare_minerals,312.4732540245139,-66.24790558540067,6.705331755251293,
2045-03-21,power,7573.584265798951,-68.65264787594108,9.623468091392814,
2045-03-21,water,4785.233792100765,-68.65264787594108,9.623468091392814,
2045-03-21,rare_minerals,1923.421952362201,-68.65264787594108,9.623468091392814,
2045-03-22,power,149.63662472012362,7.733935338098107,6.289708138575778,
2045-03-22,water,79.84214244584446,7.733935338098107,6.289708138575778,
2045-03-22,rare_minerals,43.369755632678434,7.733935338098107,6.289708138575778,
2045-03-23,power,1062.547322247493,-14.00159539658209,9.08611100100608,
2045-03-23,water,331.9794759401316,-14.00159539658209,9.08611100100608,
2045-03-23,rare_minerals,198.03306761659408,-14.00159539658209,9.08611100100608,
2045-03-24,power,172.81887562036033,-24.47991884005377,7.648252891780032,
2045-03-24,water,74.77456581030992,-24.47991884005377,7.648252891780032,
2045-03-24,rare_minerals,57.536095857109444,-24.47991884005377,7.648252891780032,
2045-03-25,power,1434.8273386037463,-55.81477090995483,5.465513839029496,
2045-03-25,water,623.2010166195535,-55.81477090995483,5.465513839029496,
2045-03-25,rare_minerals,627.6409270696798,-55.81477090995483,5.465513839029496,
2045-03-26,power,1079.6495273813875,9.721575795332669,9.502090285816653,
2045-03-26,water,508.408941256328,9.721575795332669,9.502090285816653,
2045-03-26,rare_minerals,245.31483293519102,9.721575795332669,9.502090285816653,
2045-03-27,power,159.0230666869087,-16.68985427267321,6.6951489552435035,
2045-03-27,water,68.04869484700134,-16.68985427267321,6.6951489552435035,
2045-03-27,rare_minerals,33.66328293306537,-16.68985427267321,6.6951489552435035,
2045-03-28,power,1150.3881452773458,-45.07904253873391,8.629778394351197,
2045-03-28,water,341.04558927568837,-45.07904253873391,8.629778394351197,
2045-03-28,rare_minerals,408.0569649169926,-45.07904253873391,8.629778394351197,
2045-03-29,power,867.6034637747734,9.711025995257714,9.435432121325587,
2045-03-29,water,355.5398786515859,9.711025995257714,9.435432121325587,
2045-03-29,rare_minerals,310.05622737080597,9.711025995257714,9.435432121325587,
2045-03-30,power,1123.767501525845,-2.012445414237618,8.21015823077144,
2045-03-30,water,519.6674659228684,-2.012445414237618,8.21015823077144,
2045-03-30,rare_minerals,373.57467548674794,-2.012445414237618,8.21015823077144,
2045-03-31,power,1658.7833667107175,-71.58600350049511,5.808143570473069,
2045-03-31,water,846.1382822589263,-71.58600350049511,5.808143570473069,
2045-03-31,rare_minerals,639.6782606261277,-71.58600350049511,5.808143570473069,
2045-04-01,power,749.8008053155115,9.855418852707928,8.03214529829795,
2045-04-01,water,446.8274890929422,9.855418852707928,8.03214529829795,
2045-04-01,rare_minerals,233.09026603670452,9.855418852707928,8.03214529829795,
2045-04-02,power,1987.6680079966468,-79.08029483833704,5.50735771433016,
2045-04-02,water,972.0296698433066,-79.08029483833704,5.50735771433016,
2045-04-02,rare_minerals,315.7707245474024,-79.08029483833704,5.50735771433016,
2045-04-03,power,170.55751725156884,-13.649823089194413,5.025307919231094,
2045-04-03,water,96.26241587078329,-13.649823089194413,5.025307919231094,
2045-04-03,rare_minerals,37.223013805093345,-13.649823089194413,5.025307919231094,
2045-04-04,power,1567.9452305526295,-63.91919485825014,7.743668946832931,
2045-04-04,water,957.7441487940209,-63.91919485825014,7.743668946832931,
2045-04-04,rare_minerals,313.57839143431954,-63.91919485825014,7.743668946832931,
2045-04-05,power,1018.4521603481039,-10.810480230730676,8.259806297513002,
2045-04-05,water,389.20470221176527,-10.810480230730676,8.259806297513002,
2045-04-05,rare_minerals,401.85508689036726,-10.810480230730676,8.259806297513002,
2045-04-06,power,236526.98941984412,-80.0,15.0,E006
2045-04-06,water,116655.98934680603,-80.0,15.0,E006
2045-04-06,rare_minerals,58762.28239955826,-80.0,15.0,E006
2045-04-07,power,186.20426509893133,-8.782077865246407,6.186245437484001,
2045-04-07,water,92.22746992675351,-8.782077865246407,6.186245437484001,
2045-04-07,rare_minerals,42.76401892973023,-8.782077865246407,6.186245437484001,
2045-04-08,power,1097.3492844904065,-47.460030184073226,8.73245702559012,
2045-04-08,water,311.10229041464777,-47.460030184073226,8.73245702559012,
2045-04-08,rare_minerals,323.1047708356927,-47.460030184073226,8.73245702559012,
2045-04-09,power,738.0053023726218,-15.036710095278536,9.24611705247089,
2045-04-09,water,336.17006573318366,-15.036710095278536,9.24611705247089,
2045-04-09,rare_minerals,198.4687683910102,-15.036710095278536,9.24611705247089,
2045-04-10,power,169.62887758781397,-14.238710769965664,7.841543016677358,
2045-04-10,water,66.9937481884033,-14.238710769965664,7.841543016677358,
2045-04-10,rare_minerals,58.99067086115046,-14.238710769965664,7.841543016677358,
2045-04-11,power,1065.3563407989423,-70.63252321719075,6.838579015297167,
2045-04-11,water,657.6451689153052,-70.63252321719075,6.838579015297167,
2045-04-11,rare_minerals,515.7965169501349,-70.63252321719075,6.838579015297167,
2045-04-12,power,1790.7231648389638,-53.479763231827455,6.219948216895418,
2045-04-12,water,659.376251466035,-53.479763231827455,6.219948216895418,
2045-04-12,rare_minerals,550.3565505748036,-53.479763231827455,6.219948216895418,
2045-04-13,power,1885.977748236187,17.301055475244553,6.965488623333802,
2045-04-13,water,807.9315940911523,17.301055475244553,6.965488623333802,
2045-04-13,rare_minerals,393.18378990145345,17.301055475244553,6.965488623333802,
2045-04-14,power,614.6404689339229,9.20465551771133,8.155693129986314,
2045-04-14,water,561.0296621702789,9.20465551771133,8.155693129986314,
2045-04-14,rare_minerals,185.10465860409292,9.20465551771133,8.155693129986314,
2045-04-15,power,187.47016726841994,-0.5188696458351529,7.513185465525961,
2045-04-15,water,76.4468567013606,-0.5188696458351529,7.513185465525961,
2045-04-15,rare_minerals,67.56270794051585,-0.5188696458351529,7.513185465525961,
2045-04-16,power,179.87832357736653,-22.30961153736409,7.462588469094319,
2045-04-16,water,99.89670552666686,-22.30961153736409,7.462588469094319,
2045-04-16,rare_minerals,44.028472618068406,-22.30961153736409,7.462588469094319,
2045-04-17,power,10603.12973358676,-60.475701220195546,8.612260576307527,
2045-04-17,water,4205.792740827726,-60.475701220195546,8.612260576307527,
2045-04-17,rare_minerals,2951.7014887293813,-60.475701220195546,8.612260576307527,
2045-04-18,power,1627.50546321837,-51.92276375591442,5.121579832157269,
2045-04-18,water,936.8385570931694,-51.92276375591442,5.121579832157269,
2045-04-18,rare_minerals,693.6333876797181,-51.92276375591442,5.121579832157269,
2045-04-19,power,176.82734138645182,-15.452770409283218,5.8855533970352445,
2045-04-19,water,70.8883391083667,-15.452770409283218,5.8855533970352445,
2045-04-19,rare_minerals,46.854280091082806,-15.452770409283218,5.8855533970352445,
2045-04-20,power,10425.49380953335,14.045858435291436,9.769642885012937,
2045-04-20,water,3716.331437304907,14.045858435291436,9.769642885012937,
2045-04-20,rare_minerals,2065.137871515347,14.045858435291436,9.769642885012937,
2045-04-21,power,1354.6221576407765,11.486439022044848,6.850793501277222,
2045-04-21,water,643.6194958270409,11.486439022044848,6.850793501277222,
2045-04-21,rare_minerals,418.523248182396,11.486439022044848,6.850793501277222,
2045-04-22,power,7401.646506299459,-78.45433834711326,9.641592812938626,
2045-04-22,water,3126.2795689090863,-78.45433834711326,9.641592812938626,
2045-04-22,rare_minerals,1842.8974433601932,-78.45433834711326,9.641592812938626,
2045-04-23,power,1192.6334338416189,-37.18158516826857,9.833274095218348,
2045-04-23,water,428.33194012075865,-37.18158516826857,9.833274095218348,
2045-04-23,rare_minerals,272.23839531832357,-37.18158516826857,9.833274095218348,
2045-04-24,power,10077.88369615842,16.361997708925287,9.265047277336802,
2045-04-24,water,3654.7616635951927,16.361997708925287,9.265047277336802,
2045-04-24,rare_minerals,4079.9068414805406,16.361997708925287,9.265047277336802,
2045-04-25,power,35726.90028831104,-80.0,0.0,E007
2045-04-25,water,10894.110023122594,-80.0,0.0,E007
2045-04-25,rare_minerals,9340.646206279427,-80.0,0.0,E007
2045-04-26,power,1127.470984537299,-41.49022713980747,9.255683357584285,
2045-04-26,water,583.4196066874231,-41.49022713980747,9.255683357584285,
2045-04-26,rare_minerals,292.17636269996876,-41.49022713980747,9.255683357584285,
2045-04-27,power,161.34113892107078,-48.30779948437223,5.847463733430462,
2045-04-27,water,58.35169730460376,-48.30779948437223,5.847463733430462,
2045-04-27,rare_minerals,69.64674504547907,-48.30779948437223,5.847463733430462,
2045-04-28,power,739.0030208300661,-24.319873754164988,9.680773870803904,
2045-04-28,water,582.8195322405377,-24.319873754164988,9.680773870803904,
2045-04-28,rare_minerals,335.9151957581684,-24.319873754164988,9.680773870803904,
2045-04-29,power,160.77367948788591,-10.397020332502706,7.850305850446825,
2045-04-29,water,75.63442555082543,-10.397020332502706,7.850305850446825,
2045-04-29,rare_minerals,39.22679246871034,-10.397020332502706,7.850305850446825,
2045-04-30,power,7059.16819203305,-70.28235062292315,8.07503613349585,
2045-04-30,water,3661.458627210526,-70.28235062292315,8.07503613349585,
2045-04-30,rare_minerals,2247.451829146211,-70.28235062292315,8.07503613349585,
2045-05-01,power,1779.5844735667533,19.005385010426323,5.7004200761826205,
2045-05-01,water,675.062629583365,19.005385010426323,5.7004200761826205,
2045-05-01,rare_minerals,323.13707062535855,19.005385010426323,5.7004200761826205,
2045-05-02,power,1181.4615780844867,-28.167034763626326,9.386865359639778,
2045-05-02,water,565.1357654890277,-28.167034763626326,9.386865359639778,
2045-05-02,rare_minerals,402.66054796685114,-28.167034763626326,9.386865359639778,
2045-05-03,power,1196.9446935878614,-5.92313822457956,8.48507870497634,
2045-05-03,water,352.1685747658462,-5.92313822457956,8.48507870497634,
2045-05-03,rare_minerals,275.0980845366381,-5.92313822457956,8.48507870497634,
2045-05-04,power,175.82384757040913,-9.751591601289078,6.797455756098776,
2045-05-04,water,84.8010309026896,-9.751591601289078,6.797455756098776,
2045-05-04,rare_minerals,36.1558362535942,-9.751591601289078,6.797455756098776,
2045-05-05,power,10894.998749943707,-50.64081557355067,9.046805777392567,
2045-05-05,water,3673.321715509982,-50.64081557355067,9.046805777392567,
2045-05-05,rare_minerals,2337.1622755742956,-50.64081557355067,9.046805777392567,
2045-05-06,power,922.1846537360482,1.0113394679180772,9.335361592900519,
2045-05-06,water,477.8819804525109,1.0113394679180772,9.335361592900519,
2045-05-06,rare_minerals,319.2206898810747,1.0113394679180772,9.335361592900519,
2045-05-07,power,1091.486837397755,11.324055255647124,7.556711994304689,
2045-05-07,water,938.7304313151901,11.324055255647124,7.556711994304689,
2045-05-07,rare_minerals,406.2400170354824,11.324055255647124,7.556711994304689,
2045-05-08,power,677.7089527696826,-29.84837053128004,8.991475894833876,
2045-05-08,water,566.6244239606932,-29.84837053128004,8.991475894833876,
2045-05-08,rare_minerals,409.35635957514086,-29.84837053128004,8.991475894833876,
2045-05-09,power,1117.2765703592704,-15.003606922223483,8.509834386288517,
2045-05-09,water,542.8548224174634,-15.003606922223483,8.509834386288517,
2045-05-09,rare_minerals,337.2580753533652,-15.003606922223483,8.509834386288517,
2045-05-10,power,930.5144223654835,-0.4207330563898921,9.450026709087831,
2045-05-10,water,326.096027973423,-0.4207330563898921,9.450026709087831,
2045-05-10,rare_minerals,278.02877113696763,-0.4207330563898921,9.450026709087831,
2045-05-11,power,137.2688517012314,-46.20048431484642,6.87791476319972,
2045-05-11,water,62.98768918801631,-46.20048431484642,6.87791476319972,
2045-05-11,rare_minerals,58.936804547543396,-46.20048431484642,6.87791476319972,
2045-05-12,power,1495.875735078771,-70.6018060159131,7.89140070498087,
2045-05-12,water,540.5231079538239,-70.6018060159131,7.89140070498087,
2045-05-12,rare_minerals,388.0732807799245,-70.6018060159131,7.89140070498087,
2045-05-13,power,1683.2587636595958,-76.40577262032579,7.327990090662301,
2045-05-13,water,538.0654297451501,-76.40577262032579,7.327990090662301,
2045-05-13,rare_minerals,640.4827656195075,-76.40577262032579,7.327990090662301,
2045-05-14,power,149.51465270139744,-25.73553652924234,6.432706260641422,
2045-05-14,water,74.0293288663324,-25.73553652924234,6.432706260641422,
2045-05-14,rare_minerals,53.6963113863807,-25.73553652924234,6.432706260641422,
2045-05-15,power,218961.7159110179,50.0,15.0,E008
2045-05-15,water,80868.55247413159,50.0,15.0,E008
2045-05-15,rare_minerals,68544.77532283506,50.0,15.0,E008
2045-05-16,power,1565.731963995791,-76.94997500609506,5.186740943746072,
2045-05-16,water,633.5141350847107,-76.94997500609506,5.186740943746072,
2045-05-16,rare_minerals,651.4519945420632,-76.94997500609506,5.186740943746072,
2045-05-17,power,179.7426021606928,2.260056065965827,6.800953207056315,
2045-05-17,water,82.92259173292128,2.260056065965827,6.800953207056315,
2045-05-17,rare_minerals,64.02326916376967,2.260056065965827,6.800953207056315,
2045-05-18,power,1867.2942009598023,-67.29394873481152,7.611216300274021,
2045-05-18,water,854.1814883575173,-67.29394873481152,7.611216300274021,
2045-05-18,rare_minerals,634.8053313454689,-67.29394873481152,7.611216300274021,
2045-05-19,power,169.74714616692836,-3.0006446901389126,6.079105137484216,
2045-05-19,water,84.00703858801502,-3.0006446901389126,6.079105137484216,
2045-05-19,rare_minerals,54.74445512860737,-3.0006446901389126,6.079105137484216,
2045-05-20,power,175.27166395576413,-17.71095241809997,5.42673732496884,
2045-05-20,water,57.93025526465368,-17.71095241809997,5.42673732496884,
2045-05-20,rare_minerals,65.23483036795713,-17.71095241809997,5.42673732496884,
2045-05-21,power,1871.843527745232,-74.83182788313923,7.65677315784074,
2045-05-21,water,514.6236415172796,-74.83182788313923,7.65677315784074,
2045-05-21,rare_minerals,630.3267002259051,-74.83182788313923,7.65677315784074,
2045-05-22,power,677.3219204840672,-25.93648783898935,8.187149507491032,
2045-05-22,water,400.53565627774253,-25.93648783898935,8.187149507491032,
2045-05-22,rare_minerals,358.44198150998585,-25.93648783898935,8.187149507491032,
2045-05-23,power,696.4559376289849,-7.390866627733843,9.879260397312674,
2045-05-23,water,545.3901072357187,-7.390866627733843,9.879260397312674,
2045-05-23,rare_minerals,379.71220270985805,-7.390866627733843,9.879260397312674,
2045-05-24,power,150.74677337608364,-28.369965169880466,6.61478236470623,
2045-05-24,water,50.31929358584168,-28.369965169880466,6.61478236470623,
2045-05-24,rare_minerals,41.48152532699651,-28.369965169880466,6.61478236470623,
2045-05-25,power,161.69269183757422,-0.48138052312963,6.3541612563103715,
2045-05-25,water,99.05930890137117,-0.48138052312963,6.3541612563103715,
2045-05-25,rare_minerals,55.272541080666734,-0.48138052312963,6.3541612563103715,
2045-05-26,power,125.98035810641598,-36.10285792943639,5.39228190671133,
2045-05-26,water,81.70028515498056,-36.10285792943639,5.39228190671133,
2045-05-26,rare_minerals,51.59941518863422,-36.10285792943639,5.39228190671133,
2045-05-27,power,10679.072370906862,-77.46492565845425,9.813242073389626,
2045-05-27,water,3320.941916480875,-77.46492565845425,9.813242073389626,
2045-05-27,rare_minerals,3626.4669660048667,-77.46492565845425,9.813242073389626,
2045-05-28,power,924.7599472056661,3.5980120512205787,8.479871030468491,
2045-05-28,water,588.8976011576984,3.5980120512205787,8.479871030468491,
2045-05-28,rare_minerals,262.04931984928464,3.5980120512205787,8.479871030468491,
2045-05-29,power,163.2621893133948,-39.10470555857301,5.866471600354229,
2045-05-29,water,96.60140527550087,-39.10470555857301,5.866471600354229,
2045-05-29,rare_minerals,34.10038911962717,-39.10470555857301,5.866471600354229,
2045-05-30,power,1937.2284872364512,-64.3562957328914,6.251214490822976,
2045-05-30,water,843.9428611504068,-64.3562957328914,6.251214490822976,
2045-05-30,rare_minerals,327.13482364206874,-64.3562957328914,6.251214490822976,
2045-05-31,power,780.5781401680897,-25.07733352938795,8.572979613500312,
2045-05-31,water,512.4516265935845,-25.07733352938795,8.572979613500312,
2045-05-31,rare_minerals,196.16414435250522,-25.07733352938795,8.572979613500312,
2045-06-01,power,158.21704601762733,-13.980262328226871,6.399669484729714,
2045-06-01,water,67.29415284764784,-13.980262328226871,6.399669484729714,
2045-06-01,rare_minerals,54.83662071069908,-13.980262328226871,6.399669484729714,
2045-06-02,power,6274.452202875076,15.486528066319408,8.689484583478842,
2045-06-02,water,5614.610418457129,15.486528066319408,8.689484583478842,
2045-06-02,rare_minerals,4136.373526025753,15.486528066319408,8.689484583478842,
2045-06-03,power,39377.55710571383,-80.0,0.0,E009
2045-06-03,water,17496.518317429247,-80.0,0.0,E009
2045-06-03,rare_minerals,7040.689921045056,-80.0,0.0,E009
2045-06-04,power,175.82631959290225,-18.827925376564778,7.09800031213895,
2045-06-04,water,51.229345822940076,-18.827925376564778,7.09800031213895,
2045-06-04,rare_minerals,30.88494206115989,-18.827925376564778,7.09800031213895,
2045-06-05,power,1323.610219149541,-55.226901049884255,6.779863393256308,
2045-06-05,water,744.3215952023329,-55.226901049884255,6.779863393256308,
2045-06-05,rare_minerals,608.1629671231173,-55.226901049884255,6.779863393256308,
2045-06-06,power,168.32953766065052,-4.215388953563092,5.071967443148779,
2045-06-06,water,72.29513531883742,-4.215388953563092,5.071967443148779,
2045-06-06,rare_minerals,40.945066651266636,-4.215388953563092,5.071967443148779,
2045-06-07,power,1997.124500157711,-68.39273594930837,5.230013210108764,
2045-06-07,water,713.0906511179865,-68.39273594930837,5.230013210108764,
2045-06-07,rare_minerals,480.55480973187014,-68.39273594930837,5.230013210108764,
2045-06-08,power,6981.742927150015,-75.92711976810298,9.277302920055035,
2045-06-08,water,5384.428646249788,-75.92711976810298,9.277302920055035,
2045-06-08,rare_minerals,3464.8373418755723,-75.92711976810298,9.277302920055035,
2045-06-09,power,122.07696127887604,-9.634214061997639,7.370869145436626,
2045-06-09,water,54.11905228079213,-9.634214061997639,7.370869145436626,
2045-06-09,rare_minerals,57.21997208298852,-9.634214061997639,7.370869145436626,
2045-06-10,power,1654.5112142811354,-70.21658393489986,7.458079375584162,
2045-06-10,water,636.6297634991047,-70.21658393489986,7.458079375584162,
2045-06-10,rare_minerals,680.3454249001641,-70.21658393489986,7.458079375584162,
2045-06-11,power,115.10578917809002,-32.65282292194343,5.866009349550076,
2045-06-11,water,71.6167400521301,-32.65282292194343,5.866009349550076,
2045-06-11,rare_minerals,67.74463680670395,-32.65282292194343,5.866009349550076,
2045-06-12,power,141.97273169261223,-36.614835076202695,6.992523671986867,
2045-06-12,water,81.92629738320429,-36.614835076202695,6.992523671986867,
2045-06-12,rare_minerals,45.90377591851177,-36.614835076202695,6.992523671986867,
2045-06-13,power,764.529121409202,-18.414990194778355,8.175468254338218,
2045-06-13,water,595.1932943879485,-18.414990194778355,8.175468254338218,
2045-06-13,rare_minerals,278.24016151561034,-18.414990194778355,8.175468254338218,
2045-06-14,power,1894.0992036791345,-75.46959902279555,6.873063073132356,
2045-06-14,water,614.9773029455431,-75.46959902279555,6.873063073132356,
2045-06-14,rare_minerals,385.2418816100333,-75.46959902279555,6.873063073132356,
2045-06-15,power,103.11340828845114,-17.41400842857636,7.515681292900439,
2045-06-15,water,82.58334126879424,-17.41400842857636,7.515681292900439,
2045-06-15,rare_minerals,44.74105374895045,-17.41400842857636,7.515681292900439,
2045-06-16,power,1118.6149499037822,5.648984118832232,8.293468158094726,
2045-06-16,water,441.96297200746716,5.648984118832232,8.293468158094726,
2045-06-16,rare_minerals,412.36642269953325,5.648984118832232,8.293468158094726,
2045-06-17,power,1185.525515703121,-63.70655729185703,5.352843737002149,
2045-06-17,water,934.3115839778054,-63.70655729185703,5.352843737002149,
2045-06-17,rare_minerals,610.6387411166967,-63.70655729185703,5.352843737002149,
2045-06-18,power,177.0921844644052,-15.75807217936844,5.132556552708109,
2045-06-18,water,92.23916140584438,-15.75807217936844,5.132556552708109,
2045-06-18,rare_minerals,60.440959637719956,-15.75807217936844,5.132556552708109,
2045-06-19,power,975.7321929788493,-21.42244187265367,9.701151207124788,
2045-06-19,water,339.3734633047163,-21.42244187265367,9.701151207124788,
2045-06-19,rare_minerals,187.80628307790045,-21.42244187265367,9.701151207124788,
2045-06-20,power,192.0847847815687,-22.452582212412104,6.940849631032609,
2045-06-20,water,80.8325157260369,-22.452582212412104,6.940849631032609,
2045-06-20,rare_minerals,61.86149163904705,-22.452582212412104,6.940849631032609,
2045-06-21,power,148.152235151255,-15.671178155764679,7.291264452457583,
2045-06-21,water,55.86540944811972,-15.671178155764679,7.291264452457583,
2045-06-21,rare_minerals,35.00743168810202,-15.671178155764679,7.291264452457583,
2045-06-22,power,33711.30574457943,-80.0,0.0,E010
2045-06-22,water,14303.058948994625,-80.0,0.0,E010
2045-06-22,rare_minerals,7604.197813602695,-80.0,0.0,E010
2045-06-23,power,1491.594546741437,14.146480877652522,6.930513189003872,
2045-06-23,water,532.1044685375671,14.146480877652522,6.930513189003872,
2045-06-23,rare_minerals,532.7885607657595,14.146480877652522,6.930513189003872,
2045-06-24,power,7613.960426610587,16.11905638239142,9.526753209780319,
2045-06-24,water,5392.677301911564,16.11905638239142,9.526753209780319,
2045-06-24,rare_minerals,2544.868701416577,16.11905638239142,9.526753209780319,
2045-06-25,power,1455.2201490818013,-60.42088652107036,5.346806504375827,
2045-06-25,water,505.81026995405034,-60.42088652107036,5.346806504375827,
2045-06-25,rare_minerals,328.97875511782354,-60.42088652107036,5.346806504375827,
2045-06-26,power,1392.4935564066848,-69.92219986225733,5.091109128257749,
2045-06-26,water,739.9694173585618,-69.92219986225733,5.091109128257749,
2045-06-26,rare_minerals,540.0082192477215,-69.92219986225733,5.091109128257749,
2045-06-27,power,7749.975472255821,-70.55570392440715,8.415033867081785,
2045-06-27,water,5084.945658379627,-70.55570392440715,8.415033867081785,
2045-06-27,rare_minerals,3864.293753254091,-70.55570392440715,8.415033867081785,
2045-06-28,power,1779.8509888933497,-72.8811351539771,6.594878151468807,
2045-06-28,water,519.8094126741786,-72.8811351539771,6.594878151468807,
2045-06-28,rare_minerals,492.20277890313156,-72.8811351539771,6.594878151468807,
2045-06-29,power,110.49301784181749,4.48753109694546,5.116359678679129,
2045-06-29,water,62.10225079312637,4.48753109694546,5.116359678679129,
2045-06-29,rare_minerals,69.46650373068586,4.48753109694546,5.116359678679129,
2045-06-30,power,114.24955429015132,1.4468482588935814,6.409273873867,
2045-06-30,water,74.9444076725678,1.4468482588935814,6.409273873867,
2045-06-30,rare_minerals,54.72622937272476,1.4468482588935814,6.409273873867,
2045-07-01,power,10214.789823264622,-68.18351723783438,8.483685826820754,
2045-07-01,water,4678.946050460743,-68.18351723783438,8.483685826820754,
2045-07-01,rare_minerals,1823.4500338060407,-68.18351723783438,8.483685826820754,
2045-07-02,power,795.8767849463952,-17.105715322011598,9.387360067635264,
2045-07-02,water,455.3134930154134,-17.105715322011598,9.387360067635264,
2045-07-02,rare_minerals,201.08795979476002,-17.105715322011598,9.387360067635264,
2045-07-03,power,810.3761587255085,-6.492895619611417,9.017404651924242,
2045-07-03,water,309.96093263741,-6.492895619611417,9.017404651924242,
2045-07-03,rare_minerals,198.85883931720497,-6.492895619611417,9.017404651924242,
2045-07-04,power,1396.923276201596,-51.79654274286935,5.887197718898614,
2045-07-04,water,566.3578770215302,-51.79654274286935,5.887197718898614,
2045-07-04,rare_minerals,527.0163393046232,-51.79654274286935,5.887197718898614,
2045-07-05,power,1013.6789814823594,-4.938524835914166,9.034173696336321,
2045-07-05,water,540.1760097327249,-4.938524835914166,9.034173696336321,
2045-07-05,rare_minerals,228.0360586187544,-4.938524835914166,9.034173696336321,
2045-07-06,power,1167.4825822590699,19.050514200067326,7.063088384557132,
2045-07-06,water,552.2839201672001,19.050514200067326,7.063088384557132,
2045-07-06,rare_minerals,554.5720998174546,19.050514200067326,7.063088384557132,
2045-07-07,power,1023.8854358921408,-42.798191420721686,8.882064803709984,
2045-07-07,water,309.4758434476926,-42.798191420721686,8.882064803709984,
2045-07-07,rare_minerals,404.6909390984856,-42.798191420721686,8.882064803709984,
2045-07-08,power,631.1827701908834,-45.91964597469821,9.653786628017823,
2045-07-08,water,462.3889005903211,-45.91964597469821,9.653786628017823,
2045-07-08,rare_minerals,350.17452466821993,-45.91964597469821,9.653786628017823,
2045-07-09,power,187.09691237460856,5.841275184301182,7.1449701368750915,
2045-07-09,water,85.70434660662139,5.841275184301182,7.1449701368750915,
2045-07-09,rare_minerals,62.069123322791675,5.841275184301182,7.1449701368750915,
2045-07-10,power,803.6701155256837,-4.912893220850265,8.772714370423412,
2045-07-10,water,544.4475341239536,-4.912893220850265,8.772714370423412,
2045-07-10,rare_minerals,199.22756313232202,-4.912893220850265,8.772714370423412,
2045-07-11,power,227377.9987272633,-80.0,15.0,E011
2045-07-11,water,92855.54256922418,-80.0,15.0,E011
2045-07-11,rare_minerals,75230.2929581997,-80.0,15.0,E011
2045-07-12,power,1452.3182845183,10.255290667956672,7.526261862239286,
2045-07-12,water,821.7888475982625,10.255290667956672,7.526261862239286,
2045-07-12,rare_minerals,510.56106437444527,10.255290667956672,7.526261862239286,
2045-07-13,power,173.1589521755332,2.645746610774168,6.600248005153059,
2045-07-13,water,54.08149910152948,2.645746610774168,6.600248005153059,
2045-07-13,rare_minerals,32.41408335962255,2.645746610774168,6.600248005153059,
2045-07-14,power,124.71032340101465,9.552322849620055,6.946008393670816,
2045-07-14,water,57.97723400565942,9.552322849620055,6.946008393670816,
2045-07-14,rare_minerals,64.87134266368807,9.552322849620055,6.946008393670816,
2045-07-15,power,7315.283924148265,-78.91623485197016,9.52690988209632,
2045-07-15,water,5927.595767457393,-78.91623485197016,9.52690988209632,
2045-07-15,rare_minerals,2608.5499002506567,-78.91623485197016,9.52690988209632,
2045-07-16,power,1182.1179156886992,-70.87133232138665,6.596568187952075,
2045-07-16,water,894.8492535712396,-70.87133232138665,6.596568187952075,
2045-07-16,rare_minerals,563.4831102003504,-70.87133232138665,6.596568187952075,
2045-07-17,power,8989.174298718834,15.006196705080498,9.753035734687781,
2045-07-17,water,4666.090652812894,15.006196705080498,9.753035734687781,
2045-07-17,rare_minerals,3526.084267853433,15.006196705080498,9.753035734687781,
2045-07-18,power,737.0728447987792,-22.65621118767139,8.159186060848995,
2045-07-18,water,598.9001748170226,-22.65621118767139,8.159186060848995,
2045-07-18,rare_minerals,413.950358915228,-22.65621118767139,8.159186060848995,
2045-07-19,power,165.0325686346937,-35.15544780216802,6.466053858490323,
2045-07-19,water,59.97712254645725,-35.15544780216802,6.466053858490323,
2045-07-19,rare_minerals,57.209129697251655,-35.15544780216802,6.466053858490323,
2045-07-20,power,643.3190453875054,-47.1335454630084,8.362592280385192,
2045-07-20,water,309.19575066174184,-47.1335454630084,8.362592280385192,
2045-07-20,rare_minerals,241.8438932426913,-47.1335454630084,8.362592280385192,
2045-07-21,power,877.5737740435899,-4.762547056231995,8.957895218629243,
2045-07-21,water,560.4817516225141,-4.762547056231995,8.957895218629243,
2045-07-21,rare_minerals,354.5205767439139,-4.762547056231995,8.957895218629243,
2045-07-22,power,174.2706521199981,-1.038185720544618,5.456030515243452,
2045-07-22,water,71.27466672240377,-1.038185720544618,5.456030515243452,
2045-07-22,rare_minerals,43.83739970187852,-1.038185720544618,5.456030515243452,
2045-07-23,power,137.10387629846028,-30.557969529741854,5.287793800083222,
2045-07-23,water,99.3824781868029,-30.557969529741854,5.287793800083222,
2045-07-23,rare_minerals,31.6043676564993,-30.557969529741854,5.287793800083222,
2045-07-24,power,186.70314961224486,-25.047111767626447,7.207652506866885,
2045-07-24,water,78.93377042861967,-25.047111767626447,7.207652506866885,
2045-07-24,rare_minerals,47.54461676758362,-25.047111767626447,7.207652506866885,
2045-07-25,power,172.52576604151363,8.770418275829982,6.754575062760393,
2045-07-25,water,74.33344707123514,8.770418275829982,6.754575062760393,
2045-07-25,rare_minerals,64.93692952326643,8.770418275829982,6.754575062760393,
2045-07-26,power,1900.7018640112585,-68.29329835723941,5.714958410264179,
2045-07-26,water,710.8604634367276,-68.29329835723941,5.714958410264179,
2045-07-26,rare_minerals,410.73111889402065,-68.29329835723941,5.714958410264179,
2045-07-27,power,955.4101971560174,-3.848936828252775,8.091090316581305,
2045-07-27,water,573.7090036850072,-3.848936828252775,8.091090316581305,
2045-07-27,rare_minerals,230.55892536135997,-3.848936828252775,8.091090316581305,
2045-07-28,power,1622.9665835634828,-69.88773238772097,5.420534030574987,
2045-07-28,water,815.7801100462603,-69.88773238772097,5.420534030574987,
2045-07-28,rare_minerals,593.2452089661124,-69.88773238772097,5.420534030574987,
2045-07-29,power,113.15676851272598,-9.903086854088002,5.363815031820968,
2045-07-29,water,85.79124823410443,-9.903086854088002,5.363815031820968,
2045-07-29,rare_minerals,66.36130082662564,-9.903086854088002,5.363815031820968,
2045-07-30,power,23593.66217740484,50.0,0.0,E012
2045-07-30,water,12375.433249238777,50.0,0.0,E012
2045-07-30,rare_minerals,13771.160752333117,50.0,0.0,E012
2045-07-31,power,118.09769527094898,-9.375777284350377,5.406743903209499,
2045-07-31,water,92.71925466847895,-9.375777284350377,5.406743903209499,
2045-07-31,rare_minerals,49.69111425792139,-9.375777284350377,5.406743903209499,
2045-08-01,power,7483.386446419062,-71.51622859148081,9.933197892505877,
2045-08-01,water,5612.249703817534,-71.51622859148081,9.933197892505877,
2045-08-01,rare_minerals,2868.732612006397,-71.51622859148081,9.933197892505877,
2045-08-02,power,151.48173539296903,-42.572920424387966,6.8532107353344545,
2045-08-02,water,67.96166846998828,-42.572920424387966,6.8532107353344545,
2045-08-02,rare_minerals,53.7180340573971,-42.572920424387966,6.8532107353344545,
2045-08-03,power,698.1143235510136,1.279956725750253,9.736242886919293,
2045-08-03,water,417.3244609955282,1.279956725750253,9.736242886919293,
2045-08-03,rare_minerals,412.658957360469,1.279956725750253,9.736242886919293,
2045-08-04,power,7548.8005962067655,18.600106382287095,8.766890926294709,
2045-08-04,water,4970.2099936238765,18.600106382287095,8.766890926294709,
2045-08-04,rare_minerals,2580.4561541392677,18.600106382287095,8.766890926294709,
2045-08-05,power,177.34731256866007,-42.37404144690842,5.417503583493344,
2045-08-05,water,56.54368303591749,-42.37404144690842,5.417503583493344,
2045-08-05,rare_minerals,68.79284180314178,-42.37404144690842,5.417503583493344,
2045-08-06,power,145.37895413836392,-2.2853084072563234,7.792021248679025,
2045-08-06,water,61.8025231673232,-2.2853084072563234,7.792021248679025,
2045-08-06,rare_minerals,32.93986989320051,-2.2853084072563234,7.792021248679025,
2045-08-07,power,701.8547430525244,-37.57779907530237,9.53177192547368,
2045-08-07,water,455.9321845668053,-37.57779907530237,9.53177192547368,
2045-08-07,rare_minerals,260.8807623435087,-37.57779907530237,9.53177192547368,
2045-08-08,power,1828.8833658826093,-68.88025176938487,7.4631255214542955,
2045-08-08,water,715.443761830903,-68.88025176938487,7.4631255214542955,
2045-08-08,rare_minerals,399.48570903505197,-68.88025176938487,7.4631255214542955,
2045-08-09,power,1617.14498660403,-78.86463552325809,7.343303209970632,
2045-08-09,water,853.3886084427229,-78.86463552325809,7.343303209970632,
2045-08-09,rare_minerals,366.81676316037994,-78.86463552325809,7.343303209970632,
2045-08-10,power,1167.6192162883176,-74.36967243181627,5.594089581340359,
2045-08-10,water,518.3357134667715,-74.36967243181627,5.594089581340359,
2045-08-10,rare_minerals,594.5608060262562,-74.36967243181627,5.594089581340359,
2045-08-11,power,9982.82716573083,-68.24737532228951,8.246051510580319,
2045-08-11,water,4423.892627249442,-68.24737532228951,8.246051510580319,
2045-08-11,rare_minerals,3826.0090775260733,-68.24737532228951,8.246051510580319,
2045-08-12,power,180.56701529500532,-5.395512073457667,7.916843825485798,
2045-08-12,water,79.2677182198376,-5.395512073457667,7.916843825485798,
2045-08-12,rare_minerals,64.73085122053035,-5.395512073457667,7.916843825485798,
2045-08-13,power,1205.8412100367682,16.217254847454186,6.87435289761852,
2045-08-13,water,555.959809698864,16.217254847454186,6.87435289761852,
2045-08-13,rare_minerals,407.89984460679585,16.217254847454186,6.87435289761852,
2045-08-14,power,6342.52113653589,-51.42879137181393,9.3429956409473,
2045-08-14,water,4593.508584003097,-51.42879137181393,9.3429956409473,
2045-08-14,rare_minerals,4047.8536615079074,-51.42879137181393,9.3429956409473,
2045-08-15,power,6236.061244011059,-57.64041614805474,9.816112697203057,
2045-08-15,water,3366.3297420300805,-57.64041614805474,9.816112697203057,
2045-08-15,rare_minerals,2885.2776678802447,-57.64041614805474,9.816112697203057,
2045-08-16,power,11603.25010516743,-78.78455253101836,9.849394133538194,
2045-08-16,water,3948.468314930252,-78.78455253101836,9.849394133538194,
2045-08-16,rare_minerals,3017.3635408521413,-78.78455253101836,9.849394133538194,
2045-08-17,power,6249.437154302352,-75.6840088049424,9.455715568490355,
2045-08-17,water,3445.0296028862663,-75.6840088049424,9.455715568490355,
2045-08-17,rare_minerals,4167.912295101232,-75.6840088049424,9.455715568490355,
2045-08-18,power,39302.37392872091,50.0,0.0,E013
2045-08-18,water,10049.399809344097,50.0,0.0,E013
2045-08-18,rare_minerals,13614.494283385911,50.0,0.0,E013
2045-08-19,power,1639.1199378155006,19.29647961193004,5.368982823676994,
2045-08-19,water,933.9591472600112,19.29647961193004,5.368982823676994,
2045-08-19,rare_minerals,481.89594225354364,19.29647961193004,5.368982823676994,
2045-08-20,power,909.3576171475502,-24.61457155986792,9.846512678095495,
2045-08-20,water,446.6539740770761,-24.61457155986792,9.846512678095495,
2045-08-20,rare_minerals,340.047421811065,-24.61457155986792,9.846512678095495,
2045-08-21,power,683.7907528537877,-27.690215582985118,8.146993190676312,
2045-08-21,water,308.9920769618034,-27.690215582985118,8.146993190676312,
2045-08-21,rare_minerals,253.9031859818858,-27.690215582985118,8.146993190676312,
2045-08-22,power,170.46807627366468,-10.425131101538284,7.272705323838866,
2045-08-22,water,60.09267260614742,-10.425131101538284,7.272705323838866,
2045-08-22,rare_minerals,56.93729733299669,-10.425131101538284,7.272705323838866,
2045-08-23,power,196.99120461072704,-17.244191991593652,7.921571559615501,
2045-08-23,water,54.69503578947092,-17.244191991593652,7.921571559615501,
2045-08-23,rare_minerals,56.90408472900505,-17.244191991593652,7.921571559615501,
2045-08-24,power,1443.7502193045711,10.115801049098891,5.227231901707289,
2045-08-24,water,934.0711271887527,10.115801049098891,5.227231901707289,
2045-08-24,rare_minerals,370.85991577895436,10.115801049098891,5.227231901707289,
2045-08-25,power,10155.755713356988,-51.903681040776966,9.752057420382794,
2045-08-25,water,5514.3458689443305,-51.903681040776966,9.752057420382794,
2045-08-25,rare_minerals,4067.074126737656,-51.903681040776966,9.752057420382794,
2045-08-26,power,168.32480282896458,9.026378389091633,7.278283763928565,
2045-08-26,water,74.85873820042136,9.026378389091633,7.278283763928565,
2045-08-26,rare_minerals,54.713889608048554,9.026378389091633,7.278283763928565,
2045-08-27,power,186.89049844787183,-17.986740219846325,6.386905914905663,
2045-08-27,water,78.53048733194149,-17.986740219846325,6.386905914905663,
2045-08-27,rare_minerals,31.215482387873475,-17.986740219846325,6.386905914905663,
2045-08-28,power,1930.9486955069779,-61.187884027623866,7.318492024699911,
2045-08-28,water,844.7633755157806,-61.187884027623866,7.318492024699911,
2045-08-28,rare_minerals,570.6053543108986,-61.187884027623866,7.318492024699911,
2045-08-29,power,121.56751523977172,-44.66477719739472,7.91828055925436,
2045-08-29,water,82.94427351163286,-44.66477719739472,7.91828055925436,
2045-08-29,rare_minerals,45.754576226166336,-44.66477719739472,7.91828055925436,
2045-08-30,power,9907.397862248952,-72.22653630350152,9.871974038330833,
2045-08-30,water,3319.779090923972,-72.22653630350152,9.871974038330833,
2045-08-30,rare_minerals,3378.828731047287,-72.22653630350152,9.871974038330833,
2045-08-31,power,11996.482354624,18.621074447960282,8.490808570098725,
2045-08-31,water,3144.636116581668,18.621074447960282,8.490808570098725,
2045-08-31,rare_minerals,4145.218042131162,18.621074447960282,8.490808570098725,
2045-09-01,power,140.69079607228707,-26.39036336558796,6.547638081431639,
2045-09-01,water,93.53767251686295,-26.39036336558796,6.547638081431639,
2045-09-01,rare_minerals,61.29541936233094,-26.39036336558796,6.547638081431639,
2045-09-02,power,940.2097565920008,1.3795019706948608,8.423655862769397,
2045-09-02,water,521.534762775398,1.3795019706948608,8.423655862769397,
2045-09-02,rare_minerals,390.8437347123235,1.3795019706948608,8.423655862769397,
2045-09-03,power,8424.841929906197,-63.73830606551087,9.554635922469213,
2045-09-03,water,3981.0994846897156,-63.73830606551087,9.554635922469213,
2045-09-03,rare_minerals,3402.2241253526036,-63.73830606551087,9.554635922469213,
2045-09-04,power,1084.7075651647551,2.253724292316903,9.74899956645962,
2045-09-04,water,528.6855404329847,2.253724292316903,9.74899956645962,
2045-09-04,rare_minerals,371.47527572607225,2.253724292316903,9.74899956645962,
2045-09-05,power,861.3499888877598,-7.428049161163997,8.06707597967895,
2045-09-05,water,545.3502648525064,-7.428049161163997,8.06707597967895,
2045-09-05,rare_minerals,208.850173288946,-7.428049161163997,8.06707597967895,
2045-09-06,power,926.6934587765097,-38.17569637093811,9.663642416770067,
2045-09-06,water,301.7275981494365,-38.17569637093811,9.663642416770067,
2045-09-06,rare_minerals,257.9005991760648,-38.17569637093811,9.663642416770067,
2045-09-07,power,27329.230697427956,50.0,0.0,E014
2045-09-07,water,13961.726916092553,50.0,0.0,E014
2045-09-07,rare_minerals,11563.737653518896,50.0,0.0,E014
2045-09-08,power,1388.5581012703458,-75.47813298938107,5.13183487248626,
2045-09-08,water,724.3468113112652,-75.47813298938107,5.13183487248626,
2045-09-08,rare_minerals,395.017652349731,-75.47813298938107,5.13183487248626,
2045-09-09,power,823.9510749776041,-42.35366331219504,9.052766653909163,
2045-09-09,water,368.18088817894545,-42.35366331219504,9.052766653909163,
2045-09-09,rare_minerals,197.56702170442645,-42.35366331219504,9.052766653909163,
2045-09-10,power,1603.4485933813778,18.72761293149445,5.752084455517641,
2045-09-10,water,834.1063992775082,18.72761293149445,5.752084455517641,
2045-09-10,rare_minerals,547.7961384038458,18.72761293149445,5.752084455517641,
2045-09-11,power,146.34940438005725,-20.58692846478649,6.904454283155108,
2045-09-11,water,68.98928900896149,-20.58692846478649,6.904454283155108,
2045-09-11,rare_minerals,64.53334598287302,-20.58692846478649,6.904454283155108,
2045-09-12,power,9114.490710817308,16.991439781460315,9.210594615678543,
2045-09-12,water,4437.545632889192,16.991439781460315,9.210594615678543,
2045-09-12,rare_minerals,1861.5409579354457,16.991439781460315,9.210594615678543,
2045-09-13,power,134.12478276261564,3.832870471113779,7.343465798974851,
2045-09-13,water,69.00978093929285,3.832870471113779,7.343465798974851,
2045-09-13,rare_minerals,45.952911235876016,3.832870471113779,7.343465798974851,
2045-09-14,power,158.01723692273322,-38.51804976623348,6.367035359653531,
2045-09-14,water,76.68012733634393,-38.51804976623348,6.367035359653531,
2045-09-14,rare_minerals,54.316203711737785,-38.51804976623348,6.367035359653531,
2045-09-15,power,10589.29956925277,-74.3624503349073,9.323611881275266,
2045-09-15,water,5438.957216148279,-74.3624503349073,9.323611881275266,
2045-09-15,rare_minerals,3523.4953829435863,-74.3624503349073,9.323611881275266,
2045-09-16,power,1173.3142175729608,1.2901009130077625,9.998588366430653,
2045-09-16,water,305.4697748029085,1.2901009130077625,9.998588366430653,
2045-09-16,rare_minerals,226.98671656405108,1.2901009130077625,9.998588366430653,
2045-09-17,power,1007.5628749781422,19.663683707390533,7.777158528013137,
2045-09-17,water,823.7373570773015,19.663683707390533,7.777158528013137,
2045-09-17,rare_minerals,659.2122195799948,19.663683707390533,7.777158528013137,
2045-09-18,power,746.0893779457796,-3.101258481948946,9.723828649412141,
2045-09-18,water,578.110363438892,-3.101258481948946,9.723828649412141,
2045-09-18,rare_minerals,194.46417366949458,-3.101258481948946,9.723828649412141,
2045-09-19,power,193.44360268055144,4.964739067741149,6.236740508715988,
2045-09-19,water,67.58113436198173,4.964739067741149,6.236740508715988,
2045-09-19,rare_minerals,34.05683313796866,4.964739067741149,6.236740508715988,
2045-09-20,power,148.58717591863257,-34.94558646899065,5.645797075757475,
2045-09-20,water,62.8388283860254,-34.94558646899065,5.645797075757475,
2045-09-20,rare_minerals,41.39491607847691,-34.94558646899065,5.645797075757475,
2045-09-21,power,7843.73978955772,15.40510272587224,8.0308731722544,
2045-09-21,water,5409.0776934979895,15.40510272587224,8.0308731722544,
2045-09-21,rare_minerals,3093.987064020611,15.40510272587224,8.0308731722544,
2045-09-22,power,7867.846194936021,-57.13571944965373,8.358503422029283,
2045-09-22,water,4831.001349932756,-57.13571944965373,8.358503422029283,
2045-09-22,rare_minerals,3518.7616181356643,-57.13571944965373,8.358503422029283,
2045-09-23,power,127.26240007335338,-18.187175954210417,6.790813590164202,
2045-09-23,water,70.67745507626758,-18.187175954210417,6.790813590164202,
2045-09-23,rare_minerals,34.8754437334779,-18.187175954210417,6.790813590164202,
2045-09-24,power,7086.896097208082,-68.6442407800371,8.357865977963998,
2045-09-24,water,5043.353561894948,-68.6442407800371,8.357865977963998,
2045-09-24,rare_minerals,2235.4520344695047,-68.6442407800371,8.357865977963998,
2045-09-25,power,915.098030200236,-27.969229909620672,8.861591958678197,
2045-09-25,water,512.7138785167298,-27.969229909620672,8.861591958678197,
2045-09-25,rare_minerals,205.65046154273853,-27.969229909620672,8.861591958678197,
2045-09-26,power,188077.46635546844,-80.0,15.0,E015
2045-09-26,water,75393.76702208183,-80.0,15.0,E015
2045-09-26,rare_minerals,82220.49001140383,-80.0,15.0,E015
2045-09-27,power,148.35456467199248,5.218150031854009,7.759534193872428,
2045-09-27,water,90.2996274887579,5.218150031854009,7.759534193872428,
2045-09-27,rare_minerals,52.00906168625047,5.218150031854009,7.759534193872428,
2045-09-28,power,626.0475197128915,-23.906202846461376,9.383268013291726,
2045-09-28,water,489.94541267820665,-23.906202846461376,9.383268013291726,
2045-09-28,rare_minerals,408.33680212959763,-23.906202846461376,9.383268013291726,
2045-09-29,power,160.1611820146331,-39.6517133787603,5.670076142253204,
2045-09-29,water,90.95944297133951,-39.6517133787603,5.670076142253204,
2045-09-29,rare_minerals,65.36825853393631,-39.6517133787603,5.670076142253204,
2045-09-30,power,7368.478631693595,-77.1217323686661,8.775686278368095,
2045-09-30,water,3636.1345197246796,-77.1217323686661,8.775686278368095,
2045-09-30,rare_minerals,3266.3543732423805,-77.1217323686661,8.775686278368095,
2045-10-01,power,846.6170818840228,-17.969044864653533,8.520398840496117,
2045-10-01,water,551.9583908600162,-17.969044864653533,8.520398840496117,
2045-10-01,rare_minerals,396.0055496155226,-17.969044864653533,8.520398840496117,
2045-10-02,power,1353.421379302718,-58.703583849108924,5.681857377933849,
2045-10-02,water,618.435279487241,-58.703583849108924,5.681857377933849,
2045-10-02,rare_minerals,612.2102060975448,-58.703583849108924,5.681857377933849,
2045-10-03,power,1274.8060355481362,-78.5455334332118,6.752937794032984,
2045-10-03,water,911.3071592568392,-78.5455334332118,6.752937794032984,
2045-10-03,rare_minerals,469.49530145950513,-78.5455334332118,6.752937794032984,
2045-10-04,power,166.75498992914703,-21.008231314536694,6.9612202254986615,
2045-10-04,water,54.77676569173341,-21.008231314536694,6.9612202254986615,
2045-10-04,rare_minerals,54.954372987062925,-21.008231314536694,6.9612202254986615,
2045-10-05,power,871.0606072423374,-36.252507797627096,9.520793472468743,
2045-10-05,water,475.9825389526422,-36.252507797627096,9.520793472468743,
2045-10-05,rare_minerals,220.3234098587672,-36.252507797627096,9.520793472468743,
2045-10-06,power,173.6873744944182,-45.17445329766996,7.569947445799054,
2045-10-06,water,93.13985387716143,-45.17445329766996,7.569947445799054,
2045-10-06,rare_minerals,38.669592003631024,-45.17445329766996,7.569947445799054,
2045-10-07,power,109.57145555201618,-1.6346987258856984,6.982713911606351,
2045-10-07,water,51.18192930231682,-1.6346987258856984,6.982713911606351,
2045-10-07,rare_minerals,55.67886001773064,-1.6346987258856984,6.982713911606351,
2045-10-08,power,964.2564216532684,-17.791329977212648,9.311818543733725,
2045-10-08,water,464.00922381422106,-17.791329977212648,9.311818543733725,
2045-10-08,rare_minerals,235.66730306783413,-17.791329977212648,9.311818543733725,
2045-10-09,power,1390.9059959055148,14.952062365764206,5.7353674046451895,
2045-10-09,water,797.2381675930865,14.952062365764206,5.7353674046451895,
2045-10-09,rare_minerals,498.70674354366776,14.952062365764206,5.7353674046451895,
2045-10-10,power,1987.7855202148874,12.658762516149437,7.460581465397691,
2045-10-10,water,568.2198762783665,12.658762516149437,7.460581465397691,
2045-10-10,rare_minerals,578.0578216190374,12.658762516149437,7.460581465397691,
2045-10-11,power,1404.3187681042923,-54.17556117010416,7.295678781191306,
2045-10-11,water,714.0998074628073,-54.17556117010416,7.295678781191306,
2045-10-11,rare_minerals,587.0391062632705,-54.17556117010416,7.295678781191306,
2045-10-12,power,1692.4361513243696,18.003257528547707,7.463090469964348,
2045-10-12,water,995.6279968510942,18.003257528547707,7.463090469964348,
2045-10-12,rare_minerals,351.3577157816501,18.003257528547707,7.463090469964348,
2045-10-13,power,662.4657896304998,-47.124838971249176,8.167004271583629,
2045-10-13,water,517.3016451386222,-47.124838971249176,8.167004271583629,
2045-10-13,rare_minerals,318.81286008153813,-47.124838971249176,8.167004271583629,
2045-10-14,power,1274.1606665598058,-55.985438122180696,5.37931664054332,
2045-10-14,water,539.7096844944933,-55.985438122180696,5.37931664054332,
2045-10-14,rare_minerals,334.2632998385722,-55.985438122180696,5.37931664054332,
2045-10-15,power,37883.81749328237,-80.0,0.0,E016
2045-10-15,water,11918.673247187431,-80.0,0.0,E016
2045-10-15,rare_minerals,8586.972496924165,-80.0,0.0,E016
2045-10-16,power,1226.656402226988,-67.19541610422276,5.759513467561471,
2045-10-16,water,677.4981529159686,-67.19541610422276,5.759513467561471,
2045-10-16,rare_minerals,327.76953709843735,-67.19541610422276,5.759513467561471,
2045-10-17,power,9114.358745449623,-66.11728273505898,8.204373724016072,
2045-10-17,water,3202.8376907766446,-66.11728273505898,8.204373724016072,
2045-10-17,rare_minerals,3720.8556187736676,-66.11728273505898,8.204373724016072,
2045-10-18,power,1233.712081910433,-61.81199156008552,6.728336416619316,
2045-10-18,water,770.0059573022553,-61.81199156008552,6.728336416619316,
2045-10-18,rare_minerals,652.0316350245832,-61.81199156008552,6.728336416619316,
2045-10-19,power,165.0877369047194,9.678840990601188,7.3698082013143615,
2045-10-19,water,76.64788932756676,9.678840990601188,7.3698082013143615,
2045-10-19,rare_minerals,42.973350124615024,9.678840990601188,7.3698082013143615,
2045-10-20,power,133.3001913058198,-13.24422614789728,5.861599356008149,
2045-10-20,water,83.4743477599095,-13.24422614789728,5.861599356008149,
2045-10-20,rare_minerals,69.7655744488467,-13.24422614789728,5.861599356008149,
2045-10-21,power,1661.8391898493787,-60.77109811913292,5.204343081332395,
2045-10-21,water,778.8917086850125,-60.77109811913292,5.204343081332395,
2045-10-21,rare_minerals,592.2602040956984,-60.77109811913292,5.204343081332395,
2045-10-22,power,1465.2056122837184,-63.106493692783545,6.392951695159793,
2045-10-22,water,530.0711713003926,-63.106493692783545,6.392951695159793,
2045-10-22,rare_minerals,524.918726351164,-63.106493692783545,6.392951695159793,
2045-10-23,power,1957.62528450538,-62.29895157232532,5.443512668785278,
2045-10-23,water,587.6514711788299,-62.29895157232532,5.443512668785278,
2045-10-23,rare_minerals,576.0019563282663,-62.29895157232532,5.443512668785278,
2045-10-24,power,1200.9336886590565,-67.93641288993992,7.303893840163629,
2045-10-24,water,767.9138422365406,-67.93641288993992,7.303893840163629,
2045-10-24,rare_minerals,338.6705798586878,-67.93641288993992,7.303893840163629,
2045-10-25,power,1450.3709362581849,-59.36662815942075,6.8213493052403775,
2045-10-25,water,878.0816644476231,-59.36662815942075,6.8213493052403775,
2045-10-25,rare_minerals,439.0286096955929,-59.36662815942075,6.8213493052403775,
2045-10-26,power,998.9470346923307,-29.658272914514313,8.451974143146828,
2045-10-26,water,538.6349882369188,-29.658272914514313,8.451974143146828,
2045-10-26,rare_minerals,402.5226766750687,-29.658272914514313,8.451974143146828,
2045-10-27,power,7407.85249113272,-76.06878601589011,8.997051994545213,
2045-10-27,water,4197.947747427925,-76.06878601589011,8.997051994545213,
2045-10-27,rare_minerals,2165.798431993002,-76.06878601589011,8.997051994545213,
2045-10-28,power,199.24835021583752,-17.20996105090922,5.4087951597443595,
2045-10-28,water,96.35004839621476,-17.20996105090922,5.4087951597443595,
2045-10-28,rare_minerals,51.59828521122238,-17.20996105090922,5.4087951597443595,
2045-10-29,power,1105.2199766258527,7.3578624106777255,9.604362002659066,
2045-10-29,water,456.2873931816127,7.3578624106777255,9.604362002659066,
2045-10-29,rare_minerals,329.66056512066234,7.3578624106777255,9.604362002659066,
2045-10-30,power,1089.1244321160166,-73.89220401451362,6.384388240736019,
2045-10-30,water,877.6352102484041,-73.89220401451362,6.384388240736019,
2045-10-30,rare_minerals,351.0853934540939,-73.89220401451362,6.384388240736019,
2045-10-31,power,1095.640578151517,0.6201279793061332,8.741298451918292,
2045-10-31,water,534.6084263011157,0.6201279793061332,8.741298451918292,
2045-10-31,rare_minerals,350.09872745831433,0.6201279793061332,8.741298451918292,
2045-11-01,power,1036.160380524762,-61.54789806436227,6.046746616683551,
2045-11-01,water,651.5641779726643,-61.54789806436227,6.046746616683551,
2045-11-01,rare_minerals,405.24502796433717,-61.54789806436227,6.046746616683551,
2045-11-02,power,136.0136407471519,-42.9527897208618,7.422614925955107,
2045-11-02,water,54.382137338191924,-42.9527897208618,7.422614925955107,
2045-11-02,rare_minerals,67.47831292124252,-42.9527897208618,7.422614925955107,
2045-11-03,power,186456.26888548516,50.0,15.0,E017
2045-11-03,water,78331.45863948141,50.0,15.0,E017
2045-11-03,rare_minerals,55055.112819565606,50.0,15.0,E017
2045-11-04,power,144.72025405048356,-43.108636043022756,7.31267358066574,
2045-11-04,water,80.02971666803086,-43.108636043022756,7.31267358066574,
2045-11-04,rare_minerals,50.62717710785991,-43.108636043022756,7.31267358066574,
2045-11-05,power,191.93919732144172,-5.252906186624344,5.183416014452989,
2045-11-05,water,74.84817414529151,-5.252906186624344,5.183416014452989,
2045-11-05,rare_minerals,69.6863205929325,-5.252906186624344,5.183416014452989,
2045-11-06,power,11108.549746470575,-54.75630556559793,8.566747929422762,
2045-11-06,water,3625.5315430720075,-54.75630556559793,8.566747929422762,
2045-11-06,rare_minerals,4033.4285151453983,-54.75630556559793,8.566747929422762,
2045-11-07,power,111.63663978854761,9.520683768719934,7.5583872105783305,
2045-11-07,water,90.87248542455958,9.520683768719934,7.5583872105783305,
2045-11-07,rare_minerals,45.2249317390632,9.520683768719934,7.5583872105783305,
2045-11-08,power,187.79743204450693,-26.788651473468434,5.53586005669888,
2045-11-08,water,93.40283450537251,-26.788651473468434,5.53586005669888,
2045-11-08,rare_minerals,62.23701600470485,-26.788651473468434,5.53586005669888,
2045-11-09,power,179.00304363070614,-35.258763317654534,7.663086332275116,
2045-11-09,water,65.23395695490204,-35.258763317654534,7.663086332275116,
2045-11-09,rare_minerals,33.23677132205009,-35.258763317654534,7.663086332275116,
2045-11-10,power,1402.9801787651616,-55.752949636527035,6.346216154746905,
2045-11-10,water,586.7622574932543,-55.752949636527035,6.346216154746905,
2045-11-10,rare_minerals,577.9804355609847,-55.752949636527035,6.346216154746905,
2045-11-11,power,134.60997265377856,-42.271583689537735,5.100355988888632,
2045-11-11,water,98.78051004299574,-42.271583689537735,5.100355988888632,
2045-11-11,rare_minerals,55.63888309381328,-42.271583689537735,5.100355988888632,
2045-11-12,power,182.2480563634361,-47.79208344168217,6.057240034982723,
2045-11-12,water,56.62623363709242,-47.79208344168217,6.057240034982723,
2045-11-12,rare_minerals,64.4805792909049,-47.79208344168217,6.057240034982723,
2045-11-13,power,192.27571905133942,-47.25026478220853,5.598810659096256,
2045-11-13,water,74.35309594094679,-47.25026478220853,5.598810659096256,
2045-11-13,rare_minerals,54.2501175100391,-47.25026478220853,5.598810659096256,
2045-11-14,power,176.48098009029954,9.052728073989499,7.967962267770243,
2045-11-14,water,58.741931363020626,9.052728073989499,7.967962267770243,
2045-11-14,rare_minerals,50.102643058537694,9.052728073989499,7.967962267770243,
2045-11-15,power,839.1978166633878,-12.089768085551043,8.945856193036692,
2045-11-15,water,343.9121976486747,-12.089768085551043,8.945856193036692,
2045-11-15,rare_minerals,268.20826134996753,-12.089768085551043,8.945856193036692,
2045-11-16,power,106.81723093854936,-30.155780107094273,5.434601440437119,
2045-11-16,water,51.29059534747435,-30.155780107094273,5.434601440437119,
2045-11-16,rare_minerals,35.40665156619291,-30.155780107094273,5.434601440437119,
2045-11-17,power,196.31151115891737,-26.28934581814522,7.934205590104396,
2045-11-17,water,77.47647679475085,-26.28934581814522,7.934205590104396,
2045-11-17,rare_minerals,68.6328864461288,-26.28934581814522,7.934205590104396,
2045-11-18,power,143.24978783301322,-5.456052581567008,7.158297731148397,
2045-11-18,water,65.59080665426298,-5.456052581567008,7.158297731148397,
2045-11-18,rare_minerals,50.245674513609764,-5.456052581567008,7.158297731148397,
2045-11-19,power,1439.5116886329101,-67.24196972044362,6.418879528993623,
2045-11-19,water,552.832342130872,-67.24196972044362,6.418879528993623,
2045-11-19,rare_minerals,556.3305258760824,-67.24196972044362,6.418879528993623,
2045-11-20,power,729.6229095057597,-43.69177036013649,8.229586206658006,
2045-11-20,water,485.8763864693489,-43.69177036013649,8.229586206658006,
2045-11-20,rare_minerals,336.04826217555683,-43.69177036013649,8.229586206658006,
2045-11-21,power,115.20248531286481,-22.922169533108814,6.780483629489231,
2045-11-21,water,53.06748135553341,-22.922169533108814,6.780483629489231,
2045-11-21,rare_minerals,61.230463442737594,-22.922169533108814,6.780483629489231,
2045-11-22,power,175176.05085231844,-80.0,15.0,E018
2045-11-22,water,63489.82773032854,-80.0,15.0,E018
2045-11-22,rare_minerals,83753.58322414882,-80.0,15.0,E018
2045-11-23,power,105.77805609963666,-19.422518064311284,6.186133958679973,
2045-11-23,water,84.75176144292766,-19.422518064311284,6.186133958679973,
2045-11-23,rare_minerals,69.34715701053653,-19.422518064311284,6.186133958679973,
2045-11-24,power,1239.1801042159254,-69.82175273795963,5.7642956959216605,
2045-11-24,water,571.1246843435981,-69.82175273795963,5.7642956959216605,
2045-11-24,rare_minerals,348.55397576897155,-69.82175273795963,5.7642956959216605,
2045-11-25,power,1303.2751475675957,-55.40422716154919,5.803406866297778,
2045-11-25,water,550.5229055053234,-55.40422716154919,5.803406866297778,
2045-11-25,rare_minerals,576.8645366776527,-55.40422716154919,5.803406866297778,
2045-11-26,power,1062.2917981300627,-61.343297594869426,6.425475843469235,
2045-11-26,water,754.7110640748949,-61.343297594869426,6.425475843469235,
2045-11-26,rare_minerals,698.6787415411908,-61.343297594869426,6.425475843469235,
2045-11-27,power,10883.821617036114,-62.66264047052452,9.483827123132127,
2045-11-27,water,4845.6583146930325,-62.66264047052452,9.483827123132127,
2045-11-27,rare_minerals,2535.008689887868,-62.66264047052452,9.483827123132127,
2045-11-28,power,1623.8958362916383,-71.97662543383578,7.622556947851273,
2045-11-28,water,763.5207319558258,-71.97662543383578,7.622556947851273,
2045-11-28,rare_minerals,470.4333535561486,-71.97662543383578,7.622556947851273,
2045-11-29,power,678.4262260441196,-38.96031730103385,9.911893084543031,
2045-11-29,water,565.98126457214,-38.96031730103385,9.911893084543031,
2045-11-29,rare_minerals,287.9483157171174,-38.96031730103385,9.911893084543031,
2045-11-30,power,1194.6225118207649,-68.79610978319477,6.989277995228708,
2045-11-30,water,683.8796754386448,-68.79610978319477,6.989277995228708,
2045-11-30,rare_minerals,465.6519010115709,-68.79610978319477,6.989277995228708,
2045-12-01,power,10965.227373401245,16.94704332753689,9.327535629469901,
2045-12-01,water,5200.843141684206,16.94704332753689,9.327535629469901,
2045-12-01,rare_minerals,3646.331744739215,16.94704332753689,9.327535629469901,
2045-12-02,power,101.10312644286472,1.7072070949279947,6.2895141352246995,
2045-12-02,water,70.80769990898807,1.7072070949279947,6.2895141352246995,
2045-12-02,rare_minerals,49.25376606541295,1.7072070949279947,6.2895141352246995,
2045-12-03,power,6115.15366093834,-62.91124126099342,8.343216099622154,
2045-12-03,water,3779.439626235103,-62.91124126099342,8.343216099622154,
2045-12-03,rare_minerals,3624.6955754931237,-62.91124126099342,8.343216099622154,
2045-12-04,power,1137.1097057289992,12.937598912758574,7.783814465069649,
2045-12-04,water,767.6550657262959,12.937598912758574,7.783814465069649,
2045-12-04,rare_minerals,386.08074880689503,12.937598912758574,7.783814465069649,
2045-12-05,power,101.21207746438932,-22.838731053010015,6.399895468301421,
2045-12-05,water,62.06007287997707,-22.838731053010015,6.399895468301421,
2045-12-05,rare_minerals,69.03495019640215,-22.838731053010015,6.399895468301421,
2045-12-06,power,180.15371118829896,-3.0507066808063144,5.935218742787617,
2045-12-06,water,97.97883221605167,-3.0507066808063144,5.935218742787617,
2045-12-06,rare_minerals,49.514161757054495,-3.0507066808063144,5.935218742787617,
2045-12-07,power,110.97361986775036,-47.632076359575635,7.127182193082084,
2045-12-07,water,77.39797444868465,-47.632076359575635,7.127182193082084,
2045-12-07,rare_minerals,48.17509338239844,-47.632076359575635,7.127182193082084,
2045-12-08,power,184.4357082739616,-29.2389621315545,6.212048662075401,
2045-12-08,water,54.90412903921223,-29.2389621315545,6.212048662075401,
2045-12-08,rare_minerals,49.529645480871125,-29.2389621315545,6.212048662075401,
2045-12-09,power,6900.2919881639045,-68.51631752607965,8.053100212208163,
2045-12-09,water,3974.0277806701797,-68.51631752607965,8.053100212208163,
2045-12-09,rare_minerals,3569.6569857307195,-68.51631752607965,8.053100212208163,
2045-12-10,power,1476.0181293687665,-51.13694467597442,7.906191107113061,
2045-12-10,water,687.9441425728846,-51.13694467597442,7.906191107113061,
2045-12-10,rare_minerals,457.79051142801416,-51.13694467597442,7.906191107113061,
2045-12-11,power,29188.93536811974,-80.0,0.0,E019
2045-12-11,water,17850.165438370568,-80.0,0.0,E019
2045-12-11,rare_minerals,13136.677511521875,-80.0,0.0,E019
2045-12-12,power,195.53346865039282,-31.885989814518254,7.662947162757929,
2045-12-12,water,89.34516931276475,-31.885989814518254,7.662947162757929,
2045-12-12,rare_minerals,42.61627582992051,-31.885989814518254,7.662947162757929,
2045-12-13,power,1688.1347060865419,-74.81764631775731,6.6830213909696035,
2045-12-13,water,718.801562027696,-74.81764631775731,6.6830213909696035,
2045-12-13,rare_minerals,401.8682488184204,-74.81764631775731,6.6830213909696035,
2045-12-14,power,1840.8715794259226,-66.55853230610258,5.3168748523638385,
2045-12-14,water,519.2131744811625,-66.55853230610258,5.3168748523638385,
2045-12-14,rare_minerals,660.7047968541694,-66.55853230610258,5.3168748523638385,
2045-12-15,power,1461.477464624734,18.996023238994525,6.611769224873615,
2045-12-15,water,818.6007384041402,18.996023238994525,6.611769224873615,
2045-12-15,rare_minerals,563.7415688823131,18.996023238994525,6.611769224873615,
2045-12-16,power,189.51177407065364,0.9874445854634928,6.273203273818819,
2045-12-16,water,81.83348410836037,0.9874445854634928,6.273203273818819,
2045-12-16,rare_minerals,54.55734339040247,0.9874445854634928,6.273203273818819,
2045-12-17,power,639.991224336414,-11.849727777607072,8.801139299448433,
2045-12-17,water,455.5224065835612,-11.849727777607072,8.801139299448433,
2045-12-17,rare_minerals,216.04056019609,-11.849727777607072,8.801139299448433,
2045-12-18,power,173.74337687214856,-20.43612593921557,7.357880942750792,
2045-12-18,water,75.61109604063373,-20.43612593921557,7.357880942750792,
2045-12-18,rare_minerals,57.20911116833413,-20.43612593921557,7.357880942750792,
2045-12-19,power,104.16729006023843,-38.81590858527315,6.744341332714976,
2045-12-19,water,54.23960080229016,-38.81590858527315,6.744341332714976,
2045-12-19,rare_minerals,58.65293552250729,-38.81590858527315,6.744341332714976,
2045-12-20,power,6432.50601599204,12.952914424782591,9.153097038938647,
2045-12-20,water,3213.7701832957755,12.952914424782591,9.153097038938647,
2045-12-20,rare_minerals,1829.06034056373,12.952914424782591,9.153097038938647,
2045-12-21,power,1956.5013982994801,16.502691066651252,5.6214861174277235,
2045-12-21,water,868.7541797295034,16.502691066651252,5.6214861174277235,
2045-12-21,rare_minerals,441.3005634008257,16.502691066651252,5.6214861174277235,
2045-12-22,power,777.9213487725931,-6.913252479635574,9.69170228410519,
2045-12-22,water,404.9109689237548,-6.913252479635574,9.69170228410519,
2045-12-22,rare_minerals,365.91684748348365,-6.913252479635574,9.69170228410519,
2045-12-23,power,1661.3706110704143,-61.87669338343399,5.3324813368338875,
2045-12-23,water,592.5977839337339,-61.87669338343399,5.3324813368338875,
2045-12-23,rare_minerals,369.64373413363376,-61.87669338343399,5.3324813368338875,
2045-12-24,power,109.83956497133973,-5.887935070994089,7.8723655658995595,
2045-12-24,water,83.0151359850669,-5.887935070994089,7.8723655658995595,
2045-12-24,rare_minerals,60.57490648886944,-5.887935070994089,7.8723655658995595,
2045-12-25,power,126.5046428325004,4.1828776758272,5.698861883131448,
2045-12-25,water,51.047248051545644,4.1828776758272,5.698861883131448,
2045-12-25,rare_minerals,33.28686669905709,4.1828776758272,5.698861883131448,
2045-12-26,power,196.78600348450306,-0.47326881401097864,6.008136600238723,
2045-12-26,water,64.77223887387102,-0.47326881401097864,6.008136600238723,
2045-12-26,rare_minerals,60.768925913525344,-0.47326881401097864,6.008136600238723,
2045-12-27,power,1624.6635688542638,-63.63440571342955,5.8213289896549645,
2045-12-27,water,690.969819826448,-63.63440571342955,5.8213289896549645,
2045-12-27,rare_minerals,382.27490487822206,-63.63440571342955,5.8213289896549645,
2045-12-28,power,672.8318508956438,1.4574720231382088,8.325986103481,
2045-12-28,water,484.50389041165994,1.4574720231382088,8.325986103481,
2045-12-28,rare_minerals,365.91210735306913,1.4574720231382088,8.325986103481,
2045-12-29,power,164.39042535411306,-27.69345752308807,6.794152420617513,
2045-12-29,water,76.51510666245792,-27.69345752308807,6.794152420617513,
2045-12-29,rare_minerals,31.67804893726545,-27.69345752308807,6.794152420617513,
2045-12-30,power,196.84887775943838,7.7200540813108205,6.962225537113177,
2045-12-30,water,89.93570958272872,7.7200540813108205,6.962225537113177,
2045-12-30,rare_minerals,41.71288146803859,7.7200540813108205,6.962225537113177,
2045-12-31,power,237596.4395230621,50.0,15.0,E020
2045-12-31,water,96112.89537817932,50.0,15.0,E020
2045-12-31,rare_minerals,63956.287593947825,50.0,15.0,E020
